{"config": {"sig_fs": 333, "f_fs": 50, "preproc_bp": [15, 55], "mean_s1": 70, "mean_s2": 65, "std_s1": 22, "std_s2": 22, "min_hr": 100, "max_hr": 200}, "durations": [[0.004431848411938008, 0.05399096651318805, 0.24197072451914337, 0.3989422804014327, 0.24197072451914337, 0.05399096651318805, 0.004431848411938008, 0.00013383022576488534, 1.486719514734298e-06, 6.075882849823286e-09, 9.134720408364595e-12, 5.052271083536893e-15, 1.0279773571668917e-18, 7.69459862670642e-23, 2.1188192535093538e-27, 2.1463837356630605e-32, 7.998827757006811e-38, 1.0966065593889715e-43, 5.530709549844416e-50, 1.0261630727919036e-56, 7.004182134318583e-64, 1.758749542595104e-71, 1.6246360367736084e-79, 5.520948362159764e-88, 6.90202942012722e-97, 3.1742815528252627e-106, 5.370560365020593e-116, 3.342714441794458e-126, 7.653929736419393e-137, 6.447259971397853e-148, 1.9978892591682797e-159, 2.277577478736661e-171, 9.551694541948838e-184, 1.4736461348785476e-196, 8.363951605856462e-210, 1.746366256758777e-223, 1.3414196673494362e-237, 3.790526400092868e-252, 3.940396277136024e-267, 1.506904717620395e-282, 2.120006551524606e-298, 1.097221052e-314, 0.0, 0.0, 0.0, 0.0, 0.0, 0.0, 0.0, 0.0, 0.0, 0.0, 0.0, 0.0, 0.0, 0.0, 0.0, 0.0, 0.0, 0.0, 0.0, 0.0, 0.0, 0.0, 0.0, 0.0, 0.0, 0.0, 0.0, 0.0, 0.0, 0.0, 0.0, 0.0, 0.0, 0.0, 0.0, 0.0, 0.0, 0.0, 0.0, 0.0, 0.0, 0.0, 0.0, 0.0, 0.0, 0.0, 0.0, 0.0, 0.0, 0.0, 0.0, 0.0, 0.0, 0.0, 0.0, 0.0, 0.0, 0.0, 0.0, 0.0, 0.0, 0.0, 0.0, 0.0, 0.0, 0.0, 0.0, 0.0, 0.0, 0.0, 0.0, 0.0, 0.0, 0.0, 0.0, 0.0, 0.0, 0.0, 0.0, 0.0], [0.00010706418061190827, 0.0019072705611718724, 0.017915624235874318, 0.08873666774356444, 0.23175324220918622, 0.31915382432114614, 0.23175324220918622, 0.08873666774356444, 0.017915624235874318, 0.0019072705611718724, 0.00010706418061190827, 3.1690392728256604e-06, 4.946096400132686e-08, 4.0705122253160303e-10, 1.7663919705097115e-12, 4.041816866829514e-15, 4.876606503649936e-18, 3.102489545397569e-21, 1.0407692959391305e-24, 1.8409845670785246e-28, 1.7171069885304485e-32, 8.44493080196219e-37, 2.1900113538842467e-41, 2.9946644639080076e-46, 2.159242915510631e-51, 8.209304582335229e-57, 1.64574584242289e-62, 1.7396853074393199e-68, 9.696838359263056e-75, 2.849975643201137e-81, 4.416758689727811e-88, 3.6092563356384335e-95, 1.5551894964474989e-102, 3.533462063407757e-110, 4.233202880867444e-118, 2.674171553435566e-126, 8.907605565005969e-135, 1.5645311800178102e-143, 1.4489686834456366e-152, 7.075958989172634e-162, 1.822061982989329e-171, 2.473959113611255e-181, 1.7712237242698048e-191, 6.686607867137996e-202, 1.331036058351019e-212, 1.3970930054070215e-223, 7.732365018829071e-235, 2.256580900882156e-246, 3.47248997247134e-258, 2.8176213155445717e-270, 1.205523774096316e-282, 2.7196966510105e-295, 3.2353158474785816e-308, 2.026e-321, 0.0, 0.0, 0.0, 0.0, 0.0, 0.0, 0.0, 0.0, 0.0, 0.0, 0.0, 0.0, 0.0, 0.0, 0.0, 0.0, 0.0, 0.0, 0.0, 0.0, 0.0, 0.0, 0.0, 0.0, 0.0, 0.0, 0.0, 0.0, 0.0, 0.0, 0.0, 0.0, 0.0, 0.0, 0.0, 0.0, 0.0, 0.0, 0.0, 0.0, 0.0, 0.0, 0.0, 0.0, 0.0, 0.0, 0.0, 0.0, 0.0, 0.0, 0.0, 0.0, 0.0, 0.0, 0.0, 0.0, 0.0, 0.0, 0.0, 0.0, 0.0, 0.0, 0.0, 0.0, 0.0, 0.0, 0.0, 0.0], [0.05399096651318805, 0.24197072451914337, 0.3989422804014327, 0.24197072451914337, 0.05399096651318805, 0.004431848411938008, 0.00013383022576488534, 1.486719514734298e-06, 6.075882849823286e-09, 9.134720408364595e-12, 5.052271083536893e-15, 1.0279773571668917e-18, 7.69459862670642e-23, 2.1188192535093538e-27, 2.1463837356630605e-32, 7.998827757006811e-38, 1.0966065593889715e-43, 5.530709549844416e-50, 1.0261630727919036e-56, 7.004182134318583e-64, 1.758749542595104e-71, 1.6246360367736084e-79, 5.520948362159764e-88, 6.90202942012722e-97, 3.1742815528252627e-106, 5.370560365020593e-116, 3.342714441794458e-126, 7.653929736419393e-137, 6.447259971397853e-148, 1.9978892591682797e-159, 2.277577478736661e-171, 9.551694541948838e-184, 1.4736461348785476e-196, 8.363951605856462e-210, 1.746366256758777e-223, 1.3414196673494362e-237, 3.790526400092868e-252, 3.940396277136024e-267, 1.506904717620395e-282, 2.120006551524606e-298, 1.097221052e-314, 0.0, 0.0, 0.0, 0.0, 0.0, 0.0, 0.0, 0.0, 0.0, 0.0, 0.0, 0.0, 0.0, 0.0, 0.0, 0.0, 0.0, 0.0, 0.0, 0.0, 0.0, 0.0, 0.0, 0.0, 0.0, 0.0, 0.0, 0.0, 0.0, 0.0, 0.0, 0.0, 0.0, 0.0, 0.0, 0.0, 0.0, 0.0, 0.0, 0.0, 0.0, 0.0, 0.0, 0.0, 0.0, 0.0, 0.0, 0.0, 0.0, 0.0, 0.0, 0.0, 0.0, 0.0, 0.0, 0.0, 0.0, 0.0, 0.0, 0.0, 0.0, 0.0, 0.0, 0.0, 0.0, 0.0, 0.0, 0.0, 0.0, 0.0, 0.0, 0.0, 0.0, 0.0, 0.0, 0.0, 0.0, 0.0, 0.0, 0.0, 0.0], [3.742578751862963e-17, 2.1853549926622779e-13, 4.011656747161073e-10, 2.3151346875437648e-07, 4.2002919942588404e-05, 0.0023957054873277868, 0.04295741082355604, 0.24215502819002846, 0.42914060581072844, 0.2390872700167694, 0.04187588715406548, 0.0023058036006642388, 3.991455849315228e-05, 2.1721562942230988e-07, 3.7162210315567874e-10, 1.998769561735976e-13, 3.3796726874532926e-17, 1.796541614022712e-21, 3.002276212616997e-26, 1.5773015632088328e-31, 2.6051308790913634e-37, 1.3526800478008131e-43, 2.2080624191361453e-50, 1.1331263340051843e-57, 1.8280835631220787e-65, 9.271809060520028e-74, 1.4783716969556536e-82, 7.410602594408387e-92, 1.1678152260626946e-101, 5.785560867974156e-112, 9.010886621049753e-123, 4.412048806395005e-134, 6.79147044799838e-146, 3.28653337606913e-158, 4.999919399459264e-171, 2.391325440929413e-184, 3.5955479897151106e-198, 1.6995823782785812e-212, 2.5256320146946124e-227, 1.1799093780496356e-242, 1.7329177751487402e-258, 8.001252657959653e-275, 1.1614184932533744e-291, 5.29993098228656e-309, 0.0, 0.0, 0.0, 0.0, 0.0, 0.0, 0.0, 0.0, 0.0, 0.0, 0.0, 0.0, 0.0, 0.0, 0.0, 0.0, 0.0, 0.0, 0.0, 0.0, 0.0, 0.0, 0.0, 0.0, 0.0, 0.0, 0.0, 0.0, 0.0, 0.0, 0.0, 0.0, 0.0, 0.0, 0.0, 0.0, 0.0, 0.0, 0.0, 0.0, 0.0, 0.0, 0.0, 0.0, 0.0, 0.0, 0.0, 0.0, 0.0, 0.0, 0.0, 0.0, 0.0, 0.0, 0.0, 0.0, 0.0, 0.0, 0.0, 0.0, 0.0, 0.0, 0.0, 0.0, 0.0, 0.0, 0.0, 0.0, 0.0, 0.0, 0.0, 0.0, 0.0, 0.0, 0.0, 0.0, 0.0, 0.0]], "transition": [[0.0, 1.0, 0.0, 0.0], [0.0, 0.0, 1.0, 0.0], [0.0, 0.0, 0.0, 1.0], [1.0, 0.0, 0.0, 0.0]], "emissions": {"lr_s1": {"params": {"C": 1.0, "class_weight": "balanced", "dual": false, "fit_intercept": true, "intercept_scaling": 1, "l1_ratio": null, "max_iter": 100, "multi_class": "deprecated", "n_jobs": null, "penalty": "l2", "random_state": 0, "solver": "lbfgs", "tol": 1e-06, "verbose": 0, "warm_start": false}, "attrs": {"classes_": [0.0, 1.0], "coef_": [[-1.7272284248804284, -4.759134914224316, 3.1358795408290767, 0.11553295630817305]], "intercept_": [4.41782071863329], "n_features_in_": 4, "n_iter_": [20]}}, "lr_sys": {"params": {"C": 1.0, "class_weight": "balanced", "dual": false, "fit_intercept": true, "intercept_scaling": 1, "l1_ratio": null, "max_iter": 100, "multi_class": "deprecated", "n_jobs": null, "penalty": "l2", "random_state": 0, "solver": "lbfgs", "tol": 1e-06, "verbose": 0, "warm_start": false}, "attrs": {"classes_": [0.0, 1.0], "coef_": [[-5.108582618071531, 6.783214559631864, 1.4257004920990601, 1.071747838110642]], "intercept_": [1.4123189508956413], "n_features_in_": 4, "n_iter_": [20]}}, "lr_s2": {"params": {"C": 1.0, "class_weight": "balanced", "dual": false, "fit_intercept": true, "intercept_scaling": 1, "l1_ratio": null, "max_iter": 100, "multi_class": "deprecated", "n_jobs": null, "penalty": "l2", "random_state": 0, "solver": "lbfgs", "tol": 1e-06, "verbose": 0, "warm_start": false}, "attrs": {"classes_": [0.0, 1.0], "coef_": [[1.5457480054742654, -5.391444426352873, 4.92647178954625, 0.8317816183540288]], "intercept_": [0.8773109391651347], "n_features_in_": 4, "n_iter_": [19]}}, "lr_dia": {"params": {"C": 1.0, "class_weight": "balanced", "dual": false, "fit_intercept": true, "intercept_scaling": 1, "l1_ratio": null, "max_iter": 100, "multi_class": "deprecated", "n_jobs": null, "penalty": "l2", "random_state": 0, "solver": "lbfgs", "tol": 1e-06, "verbose": 0, "warm_start": false}, "attrs": {"classes_": [0.0, 1.0], "coef_": [[0.5133135708001271, 2.275703461905634, -2.0771156977211507, -1.184143124294012]],